id,record_type,title,year,authors,journal_or_publisher,pmid,pmcid,doi,source_database,url,study_type,clinical_topic,drugs,adverse_effects,population,open_access,full_text_status,priority,verification_status
TB-G001,guideline,WHO consolidated guidelines on tuberculosis: module 4: treatment and care,2025,World Health Organization,World Health Organization,,,,WHO,https://www.who.int/publications/i/item/9789240107243,Clinical guideline,Drug-susceptible TB; drug-resistant TB; treatment and care,Multiple anti-TB drugs,Multiple,Adults; adolescents; children where applicable,Yes,Official WHO publication,A,Verified official source
TB-G002,guideline,WHO consolidated operational handbook on tuberculosis: module 4: treatment and care,2025,World Health Organization,World Health Organization,,,,WHO,https://www.who.int/publications/i/item/9789240108141,Operational handbook,Implementation of TB treatment and care,Multiple anti-TB drugs,Monitoring and management,People affected by TB,Yes,Official WHO publication,A,Verified official source
TB-G003,guideline,WHO consolidated guidelines on tuberculosis: module 3: diagnosis,2025,World Health Organization,World Health Organization,,,,WHO,https://www.who.int/publications/i/item/9789240107984,Clinical guideline,"Diagnosis of TB infection, disease and drug resistance",,,People evaluated for TB,Yes,Official WHO publication,A,Verified official source
TB-G004,guideline,"WHO operational handbook on tuberculosis Module 1: prevention - tuberculosis preventive treatment, second edition",2024,World Health Organization,World Health Organization,,,,WHO,https://www.who.int/publications/i/item/9789240097773,Operational handbook,Tuberculosis preventive treatment / latent TB,Preventive treatment regimens,Treatment monitoring,People eligible for TB preventive treatment,Yes,Official WHO publication,A,Verified official source
TB-G005,guideline,"WHO consolidated guidelines on tuberculosis: module 6: tuberculosis and comorbidities, 2nd ed.",2025,World Health Organization,World Health Organization,,,,WHO,https://www.who.int/publications/i/item/9789240111967,Clinical guideline,TB and comorbidities,Multiple,,People with TB and comorbidities,Yes,Official WHO publication,A,Verified official source
TB-G006,guideline,Updates on the Treatment of Drug-Susceptible and Drug-Resistant Tuberculosis: An Official ATS/CDC/ERS/IDSA Clinical Practice Guideline,2025,Saukkonen JJ et al.,Clinical Infectious Diseases / ATS-CDC-ERS-IDSA,40693952.0,PMC11755361,,PubMed/MEDLINE; PMC,https://pubmed.ncbi.nlm.nih.gov/40693952/,Clinical practice guideline,Drug-susceptible and drug-resistant TB treatment,HRZE; rifapentine; moxifloxacin; bedaquiline; pretomanid; linezolid,Regimen safety,Adults; adolescents; children where eligible,Yes (PMC),PMC available,A,Verified PubMed
TB-G007,guideline,Treatment of Drug-Resistant Tuberculosis. An Official ATS/CDC/ERS/IDSA Clinical Practice Guideline,2019,Nahid P et al.,American Journal of Respiratory and Critical Care Medicine,31729908.0,,,PubMed/MEDLINE,https://pubmed.ncbi.nlm.nih.gov/31729908/,Clinical practice guideline,Drug-resistant TB; MDR-TB; isoniazid-resistant TB,Multiple second-line drugs,Multiple,Drug-resistant TB,Unknown in this dataset,Reference verified; rights not assessed,A,Verified PubMed
TB-G008,guideline,"Guidelines for the Treatment of Latent Tuberculosis Infection: Recommendations from the NTCA and CDC, 2020",2020,Sterling TR et al.,MMWR Recommendations and Reports,32053584.0,,,PubMed/MEDLINE; CDC,https://pubmed.ncbi.nlm.nih.gov/32053584/,Clinical guideline,Latent tuberculosis infection,Isoniazid; rifampin; rifapentine,Hepatotoxicity and regimen toxicity,LTBI,Yes,Official CDC publication,A,Verified PubMed
TB-G009,guideline,Treatment of Drug-Susceptible Tuberculosis: Official ATS/CDC/IDSA Clinical Practice Guidelines,2016,Nahid P et al.,Clinical Infectious Diseases,27516382.0,,,PubMed/MEDLINE,https://pubmed.ncbi.nlm.nih.gov/27516382/,Clinical practice guideline,Drug-susceptible TB,Isoniazid; rifampin; pyrazinamide; ethambutol and others,Treatment management,Children and adults,Unknown in this dataset,Reference verified; rights not assessed,A,Verified PubMed
TB-A001,article,"A 24-Week, All-Oral Regimen for Rifampin-Resistant Tuberculosis",2022,Nyang'wa BT et al.,New England Journal of Medicine,36546625.0,,,PubMed/MEDLINE,https://pubmed.ncbi.nlm.nih.gov/36546625/,Randomized clinical trial,Rifampin-resistant TB; BPaLM,Bedaquiline; pretomanid; linezolid; moxifloxacin,Serious and grade ≥3 adverse events,Rifampin-resistant TB,Unknown in this dataset,Reference verified; rights not assessed,A,Verified PubMed
TB-A002,article,Short oral regimens for pulmonary rifampicin-resistant tuberculosis (TB-PRACTECAL),2024,Nyang'wa BT et al.,The Lancet Respiratory Medicine,37980911.0,,,PubMed/MEDLINE,https://pubmed.ncbi.nlm.nih.gov/37980911/,Randomized controlled trial report,Pulmonary rifampicin-resistant TB; short oral regimens,Bedaquiline; pretomanid; linezolid; moxifloxacin,Grade ≥3 and serious adverse events,Pulmonary rifampicin-resistant TB,Unknown in this dataset,Reference verified; rights not assessed,A,Verified PubMed
TB-A003,article,Pretomanid for tuberculosis: a systematic review,2022,Gils T et al.,Clinical Microbiology and Infection,34400340.0,,,PubMed/MEDLINE,https://pubmed.ncbi.nlm.nih.gov/34400340/,Systematic review,Pretomanid-containing TB regimens,Pretomanid; bedaquiline; linezolid; moxifloxacin; pyrazinamide,Hepatotoxicity; linezolid toxicity,Drug-susceptible and drug-resistant TB studies,Unknown in this dataset,Reference verified; rights not assessed,A,Verified PubMed
TB-A004,article,Incidence and risk factors of antituberculosis drug-induced liver injury: a systematic review and meta-analysis,2025,Kumar R et al.,Journal not yet transcribed from source,39225936.0,,,PubMed/MEDLINE,https://pubmed.ncbi.nlm.nih.gov/39225936/,Systematic review and meta-analysis,Anti-TB drug-induced liver injury,First-line anti-TB drugs,Hepatotoxicity / AT-DILI,Adults with tuberculosis,Unknown in this dataset,Reference verified; metadata enrichment pending,A,Verified PubMed
TB-A005,article,Ethambutol optic neuropathy in the extended anti-tubercular therapy regime: a systematic review,2023,Sabhapandit S et al.,Indian Journal of Ophthalmology,36872667.0,,,PubMed/MEDLINE,https://pubmed.ncbi.nlm.nih.gov/36872667/,Systematic review,Ethambutol optic neuropathy,Ethambutol,Optic neuropathy; visual acuity; color vision; visual field defects,People receiving extended ethambutol therapy,PMC link indicated by PubMed search result,Likely PMC; verify license before redistribution,A,Verified PubMed
TB-A006,article,Nationwide usage of ethambutol and incidence and screening practices of optic neuropathy,2024,Kim J; Kwon HY; Ahn SJ,Frontiers in Pharmacology,39474613.0,PMC11518835,10.3389/fphar.2024.1461111,PubMed/MEDLINE; PMC,https://pubmed.ncbi.nlm.nih.gov/39474613/,Population-based cohort study,Ethambutol optic neuropathy; screening,Ethambutol,Optic neuropathy; optic atrophy; visual impairment,"206,157 ethambutol initiators in South Korea",Yes (PMC),PMC available,A,Verified PubMed/PMC/DOI
TB-A007,article,Visual Recovery Time in Patients with Ethambutol-induced Toxic Optic Neuropathy,2024,Authors pending enrichment,Journal pending enrichment,38351490.0,,,PubMed/MEDLINE,https://pubmed.ncbi.nlm.nih.gov/38351490/,Clinical observational study,Ethambutol-induced optic neuropathy recovery,Ethambutol,Toxic optic neuropathy,Patients with ethambutol-induced optic neuropathy,Unknown in this dataset,Reference verified; metadata enrichment pending,B,Verified PubMed
TB-A008,article,Risk Factors of Optic Neuropathy in Ethambutol Users,2024,Authors pending enrichment,Journal pending enrichment,39195651.0,,,PubMed/MEDLINE,https://pubmed.ncbi.nlm.nih.gov/39195651/,Observational risk-factor study,Ethambutol optic neuropathy risk factors,Ethambutol,Optic neuropathy,Ethambutol users,Unknown in this dataset,Reference verified; metadata enrichment pending,B,Verified PubMed
TB-A009,article,Ethambutol Optic Neuropathy Surveillance: Variations in Real-World Screening Practices,2025,Kim J et al.,Journal pending enrichment,40140258.0,,,PubMed/MEDLINE,https://pubmed.ncbi.nlm.nih.gov/40140258/,Nationwide cohort / surveillance study,Ethambutol optic neuropathy surveillance,Ethambutol,Optic neuropathy,Ethambutol users,Unknown in this dataset,Reference verified; metadata enrichment pending,B,Verified PubMed
TB-A010,article,Ethambutol optic neuropathy,2025,Sudhakar P et al.,Journal pending enrichment,41018187.0,,,PubMed/MEDLINE,https://pubmed.ncbi.nlm.nih.gov/41018187/,Minireview,"Ethambutol optic neuropathy: features, screening, diagnosis and treatment",Ethambutol,Optic neuropathy,Patients receiving ethambutol,Unknown in this dataset,Reference verified; metadata enrichment pending,B,Verified PubMed
TB-A011,article,"Diagnosis, prevention and risk-management of drug-induced liver injury due to medications used to treat Mycobacterium tuberculosis",2024,Lewis JH et al.,Expert Opinion on Drug Safety,39212296.0,,,PubMed/MEDLINE,https://pubmed.ncbi.nlm.nih.gov/39212296/,Review,"Anti-tuberculosis drug-induced liver injury: diagnosis, prevention and management",Isoniazid; rifampicin; pyrazinamide; other anti-TB drugs,Drug-induced liver injury / hepatotoxicity,People receiving treatment for tuberculosis,Unknown in this dataset,Reference verified; rights not assessed,A,Verified PubMed
TB-A012,article,Antitubercular drugs induced liver injury: an updated review,2023,Ezhilarasan D et al.,Journal pending enrichment,37218081.0,,,PubMed/MEDLINE,https://pubmed.ncbi.nlm.nih.gov/37218081/,Review,Mechanisms and pathogenesis of anti-TB drug-induced liver injury,Isoniazid; rifampicin; pyrazinamide,Hepatotoxicity / DILI,People exposed to anti-tuberculosis drugs,Unknown in this dataset,Reference verified; metadata enrichment pending,A,Verified PubMed
TB-A013,article,Anti-tuberculosis drug-induced liver injury,2023,Lim WS,BMJ,37890885.0,,,PubMed/MEDLINE,https://pubmed.ncbi.nlm.nih.gov/37890885/,Clinical review,Recognition and management of anti-TB drug-induced liver injury,First-line anti-TB drugs,Hepatotoxicity / DILI,People receiving anti-tuberculosis treatment,Unknown in this dataset,Reference verified; rights not assessed,A,Verified PubMed
TB-A014,article,Managing Hepatotoxicity Caused by Anti-tuberculosis Drugs: A Comparative Study of Approaches,2024,Abbaspour F; Hasannezhad M; Khalili H; SeyedAlinaghi SA; Jafari S,Archives of Iranian Medicine,38685836.0,PMC11097316,10.34172/aim.2024.19,PubMed/MEDLINE; PMC,https://pubmed.ncbi.nlm.nih.gov/38685836/,Comparative retrospective study,Management and rechallenge after anti-TB drug hepatotoxicity,Anti-tuberculosis regimen,Drug-induced hepatotoxicity / DILI,Patients admitted with anti-TB treatment-related hepatotoxicity,Yes (CC BY 4.0),PMC available,A,Verified PubMed/PMC/DOI
TB-A015,article,Drug-induced liver injury from antituberculous treatment: a retrospective study from a large TB centre in the UK,2017,Abbara A et al.,BMC Infectious Diseases,28340562.0,,10.1186/s12879-017-2330-z,PubMed/MEDLINE,https://pubmed.ncbi.nlm.nih.gov/28340562/,Retrospective cohort study,"Timing, risk factors, outcomes and management of anti-TB DILI",First-line and other anti-TB drugs,Drug-induced liver injury,Patients treated at a large UK tuberculosis centre,Yes (BMC article),Reference verified; open-access publisher,A,Verified PubMed
TB-A016,article,Hepatotoxicity and tuberculosis treatment outcomes in chronic liver disease,2023,Edwards BD et al.,Journal pending enrichment,37008589.0,,,PubMed/MEDLINE,https://pubmed.ncbi.nlm.nih.gov/37008589/,Observational study,Tuberculosis treatment in patients with chronic liver disease,Isoniazid-containing and other anti-TB regimens,Drug-induced liver injury,Patients with tuberculosis and chronic liver disease,Unknown in this dataset,Reference verified; metadata enrichment pending,A,Verified PubMed
TB-A017,article,"Efficacy, safety, and pharmacokinetics of isoniazid affected by NAT2 polymorphisms in patients with tuberculosis: A systematic review",2024,Surarak T; Chumnumwat S; Nosoongnoen W; Tragulpiankit P,Clinical and Translational Science,38629592.0,PMC11022300,10.1111/cts.13795,PubMed/MEDLINE; PMC; Wiley,https://pubmed.ncbi.nlm.nih.gov/38629592/,Systematic review,"NAT2, isoniazid pharmacokinetics, efficacy and safety",Isoniazid,Drug-induced liver injury / hepatotoxicity,Adults and children with tuberculosis,Yes (PMC),PMC available,A,Verified PubMed/PMC/DOI
TB-A018,article,Pharmacogenomic insights into tuberculosis treatment: a systematic review and meta-analysis of NAT2 polymorphisms and hepatotoxicity,2024,Mahajan R et al.,BMC Medical Genomics,,PMC11622454,10.1186/s12863-024-01286-y,PMC,https://pmc.ncbi.nlm.nih.gov/articles/PMC11622454/,Systematic review and meta-analysis,NAT2 slow acetylation and anti-TB hepatotoxicity,Isoniazid-containing regimens,Hepatotoxicity,Tuberculosis patients across multiple ethnic groups,Yes (PMC),PMC available,A,Verified PMC/DOI
TB-A019,article,Alcohol consumption as a risk factor for anti-tuberculosis drug-induced liver injury: a systematic review and meta-analysis,2024,Zhang F et al.,Journal pending enrichment,39393473.0,,,PubMed/MEDLINE,https://pubmed.ncbi.nlm.nih.gov/39393473/,Systematic review and meta-analysis,Alcohol as a risk factor for AT-DILI,Anti-tuberculosis drugs,Drug-induced liver injury,Patients receiving anti-tuberculosis treatment,Unknown in this dataset,Reference verified; metadata enrichment pending,A,Verified PubMed
TB-A020,article,Clinical Features of Anti-Tuberculosis Drug-Induced Liver Injury and Risk Factors for Severe Liver Injury,2025,Zhang S et al.,Journal pending enrichment,40303606.0,,,PubMed/MEDLINE,https://pubmed.ncbi.nlm.nih.gov/40303606/,Clinical observational study,Clinical phenotype and severity predictors of ATB-DILI,Anti-tuberculosis drugs,Drug-induced liver injury,Hospitalized TB patients with ATB-DILI,Unknown in this dataset,Reference verified; metadata enrichment pending,B,Verified PubMed
TB-A021,article,NAT2 acetylation status predicts hepatotoxicity during antituberculosis therapy: cumulative risk analysis of a multiethnic cohort,2025,Schiuma M et al.,Journal pending enrichment,,PMC12027989,,PMC,https://pmc.ncbi.nlm.nih.gov/articles/PMC12027989/,Multiethnic cohort study,NAT2 phenotype and cumulative hepatotoxicity risk,Standard anti-TB therapy; isoniazid-containing regimens,Hepatotoxicity / ATDH,Multiethnic patients receiving standard anti-TB therapy,Yes (PMC),PMC available,B,Verified PMC
TB-A022,article,The Management of Linezolid-Induced Adverse Events in Tuberculosis: A Systematic Review and Meta-Analysis,2025,Atshemyan H et al.,Journal pending enrichment,39800895.0,,,PubMed/MEDLINE,https://pubmed.ncbi.nlm.nih.gov/39800895/,Systematic review and meta-analysis,Linezolid adverse-event management in TB,Linezolid; cycloserine,Peripheral neuropathy; other linezolid toxicities,Patients treated for tuberculosis with linezolid-containing regimens,Unknown in this dataset,Reference verified; metadata enrichment pending,A,Verified PubMed
TB-A023,article,Bedaquiline-Pretomanid-Linezolid Regimens for Drug-Resistant Tuberculosis,2022,Conradie F et al.,New England Journal of Medicine,36053506.0,,,PubMed/MEDLINE,https://pubmed.ncbi.nlm.nih.gov/36053506/,Randomized clinical trial (ZeNix),Linezolid dose/duration optimisation in BPaL,Bedaquiline; pretomanid; linezolid,Peripheral neuropathy; optic neuropathy; myelosuppression,Patients with highly drug-resistant tuberculosis,Unknown in this dataset,Reference verified; rights not assessed,A,Verified PubMed
TB-A024,article,Treatment of Highly Drug-Resistant Pulmonary Tuberculosis,2020,Conradie F et al.,New England Journal of Medicine,32130813.0,,,PubMed/MEDLINE,https://pubmed.ncbi.nlm.nih.gov/32130813/,Prospective clinical study (Nix-TB),BPaL treatment and linezolid toxicity,Bedaquiline; pretomanid; linezolid,Peripheral neuropathy; myelosuppression,Patients with highly drug-resistant pulmonary tuberculosis,Unknown in this dataset,Reference verified; rights not assessed,A,Verified PubMed
TB-A025,article,"Linezolid-Associated Neurologic Adverse Events in Patients with Multidrug-Resistant Tuberculosis, France",2020,Jaspard M et al.,Emerging Infectious Diseases,,PMC7392460,,PMC,https://pmc.ncbi.nlm.nih.gov/articles/PMC7392460/,Observational cohort study,Neurologic toxicity of linezolid in MDR-TB,Linezolid,Peripheral neuropathy; neurologic adverse events,Patients with multidrug-resistant tuberculosis receiving linezolid,Yes (PMC),PMC available,A,Verified PMC
TB-A026,article,Linezolid use for drug-resistant tuberculosis in Georgia,2020,Mikiashvili L et al.,Journal pending enrichment,32317069.0,,,PubMed/MEDLINE,https://pubmed.ncbi.nlm.nih.gov/32317069/,Programmatic cohort study,Long-term linezolid use in drug-resistant TB,Linezolid,Peripheral neuropathy; cytopenias,Patients with drug-resistant tuberculosis in Georgia,Unknown in this dataset,Reference verified; metadata enrichment pending,B,Verified PubMed
TB-A027,article,Adverse drug reactions due to linezolid in the treatment of drug-resistant tuberculosis,2024,Mishra G et al.,Journal pending enrichment,39067941.0,,,PubMed/MEDLINE,https://pubmed.ncbi.nlm.nih.gov/39067941/,Observational study,Linezolid adverse drug reactions in MDR/RR-TB,Linezolid,Peripheral neuropathy; other adverse drug reactions,Patients on all-oral bedaquiline-based regimens for MDR/RR-TB,Unknown in this dataset,Reference verified; metadata enrichment pending,B,Verified PubMed
TB-A028,article,Effectiveness and Safety of Varying Doses of Linezolid With Bedaquiline and Pretomanid in Treatment of Drug-Resistant Pulmonary Tuberculosis,2024,Padmapriyadarsini C et al.,Clinical Infectious Diseases,39194339.0,,,PubMed/MEDLINE,https://pubmed.ncbi.nlm.nih.gov/39194339/,Open-label randomized clinical trial,Linezolid dose optimisation in BPaL,Bedaquiline; pretomanid; linezolid,Linezolid-associated toxicity including neuropathy,Patients with drug-resistant pulmonary tuberculosis,Unknown in this dataset,Reference verified; rights not assessed,A,Verified PubMed
TB-A029,article,Neuropsychiatric toxicity and cycloserine concentrations during treatment for multidrug-resistant tuberculosis,2021,Court R et al.,Journal pending enrichment,33684562.0,PMC8126338,,PubMed/MEDLINE; PMC,https://pubmed.ncbi.nlm.nih.gov/33684562/,Pharmacokinetic/toxicity study,Cycloserine exposure and neuropsychiatric toxicity,Cycloserine; terizidone,Psychosis; depression; peripheral neuropathy; neuropsychiatric toxicity,Patients receiving cycloserine/terizidone for MDR-TB,Yes (PMC),PMC available,A,Verified PubMed/PMC
TB-A030,article,"Isoniazid—historical development, metabolism associated toxicity and resistance",2024,Sankar J et al.,Journal pending enrichment,39364056.0,,,PubMed/MEDLINE,https://pubmed.ncbi.nlm.nih.gov/39364056/,Narrative review,Isoniazid metabolism and toxicity,Isoniazid,Peripheral neuropathy; hepatotoxicity,People receiving isoniazid,Unknown in this dataset,Reference verified; metadata enrichment pending,B,Verified PubMed
TB-A031,article,Tuberculosis Associated with HIV Infection,2017,Tornheim JA et al.,Microbiology Spectrum,28233512.0,,,PubMed/MEDLINE,https://pubmed.ncbi.nlm.nih.gov/28233512/,Clinical review,TB/HIV co-infection treatment and toxicity considerations,Isoniazid; rifamycins; other anti-TB drugs,Peripheral neuropathy; drug-drug interactions,People with TB/HIV coinfection,Unknown in this dataset,Reference verified; rights not assessed,B,Verified PubMed
TB-A032,article,Isoniazid-induced neuropathy in a pre-pubertal child,2019,Shetty NS et al.,Journal pending enrichment,29897291.0,,,PubMed/MEDLINE,https://pubmed.ncbi.nlm.nih.gov/29897291/,Case report,Isoniazid-induced peripheral neuropathy in paediatrics,Isoniazid,Peripheral neuropathy,Child receiving anti-tuberculosis therapy,Unknown in this dataset,Reference verified; rights not assessed,C,Verified PubMed
TB-G010,guideline,WHO TB Knowledge Sharing Platform: Annex 2. Monitoring and management of adverse events in treatment of drug-resistant tuberculosis,2025,World Health Organization,World Health Organization,,,,WHO,https://tbksp.who.int/en/node/3051,Operational guidance / adverse-event management annex,Monitoring and management of adverse events in DR-TB; BPaL/BPaLM,Linezolid; bedaquiline; pretomanid; moxifloxacin; other DR-TB drugs,Myelosuppression; anemia; thrombocytopenia; neutropenia; neuropathy; hepatotoxicity; QT prolongation,People receiving treatment for drug-resistant tuberculosis,Yes,Official WHO web guidance,A,Verified official WHO source
TB-A033,article,Linezolid Exposure Is Associated with Cytopenias in Patients Treated for Multidrug-Resistant Tuberculosis,2022,Graciaa DS; Kipiani M; Magee MJ; Mikiashvili L; Barbakadze K; Bablishvili N; et al.,Antimicrobial Agents and Chemotherapy,35916515.0,PMC9487506,10.1128/aac.00408-22,PubMed/MEDLINE; PMC,https://pubmed.ncbi.nlm.nih.gov/35916515/,Secondary analysis of a prospective cohort / pharmacokinetic study,Linezolid exposure and cytopenias in MDR-TB,Linezolid,Cytopenias; anemia; thrombocytopenia; leukopenia/neutropenia,Patients treated for MDR-TB in Georgia,Yes (PMC),PMC available,A,Verified PubMed/PMC/DOI
TB-A034,article,Derivation and Clinical Utility of Safety Targets for Linezolid-Related Adverse Events in Drug-Resistant Tuberculosis Treatment,2023,Keutzer L; Mockeliunas L; Sturkenboom MGG; Bolhuis MS; Akkerman OW; Simonsson USH,Pharmaceuticals (Basel),38004440.0,PMC10674798,10.3390/ph16111575,PubMed/MEDLINE; PMC,https://pubmed.ncbi.nlm.nih.gov/38004440/,Pharmacometric exposure-response analysis,Linezolid safety targets in drug-resistant TB,Linezolid,Anemia; thrombocytopenia; severe thrombocytopenia; peripheral neuropathy,Patients with drug-resistant TB receiving linezolid,Yes (PMC),PMC available,A,Verified PubMed/PMC/DOI
TB-A035,article,Therapeutic Drug Monitoring of Linezolid in Drug-Resistant Tuberculosis Patients: Clinical Factors and Hematological Toxicities,2024,Cheng J et al.,Infection and Drug Resistance,38933777.0,PMC11199169,,PubMed/MEDLINE; PMC,https://pubmed.ncbi.nlm.nih.gov/38933777/,Therapeutic drug monitoring / observational study,Linezolid exposure and hematological toxicity in DR-TB,Linezolid,Thrombocytopenia; hematological toxicity,Patients with drug-resistant tuberculosis receiving linezolid,Yes (PMC),PMC available,A,Verified PubMed/PMC; DOI enrichment pending
TB-A036,article,Linezolid-related adverse effects in the treatment of rifampicin resistant tuberculosis: a retrospective study,2023,Cui D; Hu X; Shi L; Wang D; Chen G,Journal of Chemotherapy,36322121.0,,10.1080/1120009X.2022.2136447,PubMed/MEDLINE,https://pubmed.ncbi.nlm.nih.gov/36322121/,Multicenter retrospective study,Linezolid safety in rifampicin-resistant TB,Linezolid,Bone marrow suppression; leukopenia; thrombocytopenia; neuropathy,184 patients with rifampicin-resistant tuberculosis,Unknown in this dataset,Reference verified; rights not assessed,B,Verified PubMed/DOI
TB-A037,article,Introducing BPaL: Experiences from countries supported under the LIFT-TB project,2024,Wares DF et al.,PLoS ONE,39561206.0,,10.1371/journal.pone.0310773,PubMed/MEDLINE; PLoS,https://pubmed.ncbi.nlm.nih.gov/39561206/,Multicountry operational research,Programmatic implementation and safety of BPaL,Bedaquiline; pretomanid; linezolid,Linezolid-associated adverse events including myelosuppression and neuropathy,Patients receiving BPaL in multiple countries,Yes (PLoS),Open-access publisher,A,Verified PubMed/DOI
TB-A038,article,Pharmacodynamic Correlates of Linezolid Activity and Toxicity in Murine Models and Patients with Tuberculosis,2021,Bigelow KM et al.,Journal pending enrichment,,PMC8176636,,PMC,https://pmc.ncbi.nlm.nih.gov/articles/PMC8176636/,Translational pharmacodynamic analysis,Exposure-response relationships for linezolid efficacy and toxicity,Linezolid,Bone marrow toxicity; anemia; thrombocytopenia,Tuberculosis models and patient data,Yes (PMC),PMC available,A,Verified PMC; PMID/DOI enrichment pending
TB-G011,guideline,WHO TB Knowledge Sharing Platform: Monitoring for adverse effects — electrocardiogram monitoring,2025,World Health Organization,World Health Organization,,,,WHO,https://tbksp.who.int/en/node/2178,Operational guidance,ECG monitoring and management of QT prolongation in MDR/RR-TB,Bedaquiline; clofazimine; delamanid; fluoroquinolones,QT prolongation; arrhythmia risk,People receiving MDR/RR-TB treatment,Yes,Official WHO web guidance,A,Verified official WHO source
TB-G012,guideline,"WHO prequalified bedaquiline product information: QT prolongation, ECG and electrolyte monitoring",2025,World Health Organization Prequalification,World Health Organization,,,,WHO,https://extranet.who.int/prequal/sites/default/files/whopar_files/TB395part4v1.pdf,WHO product information / prescribing guidance,Bedaquiline cardiac safety and interactions,Bedaquiline; clofazimine; delamanid; levofloxacin; other QT-prolonging medicines,QT prolongation; ventricular arrhythmia,People receiving bedaquiline-containing TB treatment,Yes,Official WHO PDF,A,Verified official WHO source
TB-A039,article,Effectiveness and Cardiac Safety of Bedaquiline-Based Therapy for Drug-Resistant Tuberculosis,2021,Brust JCM et al.,Clinical Infectious Diseases,33882121.0,,,PubMed/MEDLINE,https://pubmed.ncbi.nlm.nih.gov/33882121/,Observational cohort study,Cardiac safety of bedaquiline in rifampin-resistant TB,Bedaquiline-containing regimens,QT prolongation; cardiac events,Patients with rifampin-resistant tuberculosis in South Africa,Unknown in this dataset,Reference verified; rights not assessed,A,Verified PubMed
TB-A040,article,QT Interval Prolongation in People Treated With Bedaquiline for Drug-Resistant Tuberculosis Under Programmatic Conditions,2021,Isralls S et al.,Open Forum Infectious Diseases,,PMC8403230,,PMC,https://pmc.ncbi.nlm.nih.gov/articles/PMC8403230/,Programmatic observational cohort,Bedaquiline-associated QT prolongation,Bedaquiline; background DR-TB regimen,QTcF prolongation; arrhythmia surveillance,Patients with drug-resistant tuberculosis in KwaZulu-Natal,Yes (PMC),PMC available,A,Verified PMC
TB-A041,article,Effects of Bedaquiline Combined with Fluoroquinolone and/or Clofazimine on QT Interval in Patients with Multidrug-Resistant Tuberculosis,2023,Li R et al.,Frontiers in Pharmacology / publisher metadata pending confirmation,,PMC10434111,,PMC,https://pmc.ncbi.nlm.nih.gov/articles/PMC10434111/,Observational safety study,Additive QT effects of bedaquiline with fluoroquinolones/clofazimine,Bedaquiline; fluoroquinolones; clofazimine,Grade 3/4 QT prolongation,Patients with MDR-TB,Yes (PMC),PMC available,A,Verified PMC
TB-A042,article,QT Interval Prolongation with One or More QT-Prolonging Drugs in Children with Rifampicin-Resistant Tuberculosis,2023,Ali AM et al.,Journal pending enrichment,37358463.0,,,PubMed/MEDLINE,https://pubmed.ncbi.nlm.nih.gov/37358463/,Pediatric observational study,QT prolongation in pediatric RR-TB,Moxifloxacin; clofazimine; bedaquiline and other QT-prolonging drugs,QTcF prolongation,Children with rifampicin-resistant tuberculosis,Unknown in this dataset,Reference verified; metadata enrichment pending,B,Verified PubMed
TB-A043,article,Impact of all-oral bedaquiline-based shorter regimens in drug-resistant tuberculosis: systematic review and meta-analysis,2025,Fekadu G et al.,BMJ-family journal; enrichment pending,40194835.0,,,PubMed/MEDLINE,https://pubmed.ncbi.nlm.nih.gov/40194835/,Systematic review and meta-analysis,Effectiveness and safety of all-oral bedaquiline-based shorter regimens,Bedaquiline-based DR-TB regimens,QTc prolongation; cardiovascular adverse events,Patients with drug-resistant tuberculosis,Open access indicated by publisher,Reference verified; rights/license to be checked before redistribution,A,Verified PubMed
TB-A044,article,"Exposure-QTc modeling of bedaquiline, pretomanid, and clofazimine in tuberculosis treatment",2026,Authors pending enrichment,Journal pending enrichment,41801043.0,,,PubMed/MEDLINE,https://pubmed.ncbi.nlm.nih.gov/41801043/,Exposure-QTc pharmacometric modeling study,"Combined exposure and QT effects of bedaquiline, pretomanid and clofazimine",Bedaquiline; pretomanid; clofazimine,QTcF prolongation,Tuberculosis patients / pharmacometric datasets,Unknown in this dataset,Reference verified; metadata enrichment pending,A,Verified PubMed
TB-A045,article,Therapy-induced cardiotoxicity in drug-resistant tuberculosis: systematic review and meta-analysis,2025,Authors pending enrichment,Journal pending enrichment,41978650.0,,,PubMed/MEDLINE,https://pubmed.ncbi.nlm.nih.gov/41978650/,Systematic review and meta-analysis,Cardiotoxicity of drug-resistant TB regimens,Bedaquiline; delamanid; other DR-TB drugs,QTc prolongation; clinically significant QT prolongation,Patients with MDR/pre-XDR/XDR tuberculosis,Unknown in this dataset,Reference verified; metadata enrichment pending,A,Verified PubMed
TB-G013,guideline,WHO TB Knowledge Sharing Platform: Annex 2 monitoring and management of adverse events — visual acuity and colour vision,2025,World Health Organization,World Health Organization,,,,WHO,https://tbksp.who.int/en/node/3051,Operational guidance,Optic neuritis monitoring in drug-resistant TB treatment,Linezolid; ethambutol,Optic neuritis; loss of red-green discrimination; reduced visual acuity,People receiving TB treatment,Yes,Official WHO web guidance,A,Verified official WHO source
TB-A046,article,Ethambutol optic neuropathy in the extended anti-tubercular therapy regime: a systematic review,2023,Sabhapandit S et al.,Indian Journal of Ophthalmology,36872667.0,,,PubMed/MEDLINE,https://pubmed.ncbi.nlm.nih.gov/36872667/,Systematic review,Ethambutol optic neuropathy,Ethambutol,Optic neuropathy; visual acuity loss; colour vision impairment,People receiving prolonged ethambutol therapy,Open-access status to verify,Reference verified,A,Verified PubMed
TB-A047,article,Ethambutol-induced optic neuropathy: from in vitro mechanisms to clinical studies,2023,Kulniwatcharoen P et al.,Journal pending enrichment,37949203.0,,,PubMed/MEDLINE,https://pubmed.ncbi.nlm.nih.gov/37949203/,Review,"Mechanisms, diagnosis, monitoring and outcomes of ethambutol optic neuropathy",Ethambutol,Optic neuropathy,People exposed to ethambutol,Unknown in this dataset,Reference verified; metadata enrichment pending,A,Verified PubMed
TB-G014,guideline,WHO TB Knowledge Sharing Platform: Adjustments to antiretroviral therapy regimens with TB treatment,2025,World Health Organization,World Health Organization,,,,WHO,https://tbksp.who.int/en/node/2084,Clinical/operational guidance,TB/HIV drug-drug interactions,Rifampicin; dolutegravir; antiretroviral therapy,Reduced antiretroviral exposure / treatment interaction,People with TB/HIV coinfection,Yes,Official WHO web guidance,A,Verified official WHO source
TB-G015,guideline,"CDC Guidelines for the Treatment of Latent Tuberculosis Infection: Recommendations from NTCA and CDC, 2020",2020,Sterling TR et al.,MMWR Recommendations and Reports,32053584.0,,,PubMed/MEDLINE; CDC,https://www.cdc.gov/mmwr/volumes/69/rr/rr6901a1.htm,Clinical guideline,Rifamycin drug interactions during latent TB treatment,Rifampin; rifapentine; rifabutin,Drug-drug interactions,People receiving treatment for latent TB infection,Yes,Official CDC publication,A,Verified CDC/PubMed
TB-G016,guideline,CDC Adverse Events During TB Treatment,2025,Centers for Disease Control and Prevention,CDC,,,,CDC,https://www.cdc.gov/tb/hcp/treatment/adverse-events.html,Clinical safety guidance,Rifamycin interactions and adverse-event counselling,Rifampin; rifapentine,"Reduced concentrations of oral contraceptives, warfarin and other drugs",People receiving TB treatment,Yes,Official CDC web guidance,A,Verified official CDC source
TB-A048,article,Tuberculosis and pharmacological interactions: A narrative review,2020,Riccardi N et al.,Current Research in Pharmacology and Drug Discovery / metadata pending final enrichment,,PMC8663953,,PMC,https://pmc.ncbi.nlm.nih.gov/articles/PMC8663953/,Narrative review,Clinically relevant interactions between anti-TB medicines and common concomitant drugs,Rifampicin; isoniazid; linezolid; fluoroquinolones; bedaquiline and others,Drug-drug interactions; altered exposure; toxicity or loss of efficacy,People receiving anti-TB treatment,Yes (PMC),PMC available,A,Verified PMC
TB-A049,article,Systematic review of drug-drug interactions between rifamycins and anticoagulant or antiplatelet agents,2022,Authors pending enrichment,Journal pending enrichment,35152432.0,,,PubMed/MEDLINE,https://pubmed.ncbi.nlm.nih.gov/35152432/,Systematic review,Rifamycin interactions with anticoagulants and antiplatelets,Rifampin; rifabutin; warfarin; DOACs; clopidogrel; ticagrelor,Reduced anticoagulant exposure or altered antiplatelet effect,Patients receiving rifamycins and antithrombotic therapy,Unknown in this dataset,Reference verified,A,Verified PubMed
TB-A050,article,Drug interactions between rifamycin antibiotics and hormonal contraception: a systematic review,2018,Simmons KB et al.,BJOG,29130574.0,,,PubMed/MEDLINE; CDC,https://pubmed.ncbi.nlm.nih.gov/29130574/,Systematic review,Rifamycin-hormonal contraception interactions,Rifampin; rifabutin; hormonal contraceptives,Reduced contraceptive hormone exposure / possible reduced effectiveness,People using hormonal contraception with rifamycins,Unknown in this dataset,Reference verified,A,Verified PubMed
TB-A051,article,Drug interaction potential of high-dose rifampicin in patients with pulmonary tuberculosis,2023,Stemkens R et al.,Clinical Pharmacokinetics / metadata pending final enrichment,37768317.0,PMC10583668,,PubMed/MEDLINE; PMC,https://pubmed.ncbi.nlm.nih.gov/37768317/,Clinical pharmacology study,Rifampicin induction of CYP enzymes and P-glycoprotein,Rifampicin,Reduced exposure of interacting drugs,Patients with pulmonary tuberculosis,Yes (PMC),PMC available,A,Verified PubMed/PMC
TB-A052,article,Association of Linezolid With Risk of Serotonin Syndrome in Patients Receiving Antidepressants,2022,Bai AD et al.,JAMA Network Open,36534400.0,,,PubMed/MEDLINE,https://pubmed.ncbi.nlm.nih.gov/36534400/,Population-based cohort study,Linezolid-serotonergic drug interaction,Linezolid; antidepressants/serotonergic medicines,Serotonin syndrome,Older adults prescribed linezolid,Open-access journal,Reference verified,A,Verified PubMed
TB-A053,article,The Association of Serotonin Toxicity with Combination Linezolid-Serotonergic Agent Therapy,2023,SanFilippo S et al.,Journal pending enrichment,37987392.0,,,PubMed/MEDLINE,https://pubmed.ncbi.nlm.nih.gov/37987392/,Observational study,Incidence of serotonin toxicity with linezolid and serotonergic agents,Linezolid; serotonergic agents,Serotonin toxicity,Patients receiving linezolid with or without serotonergic drugs,Unknown in this dataset,Reference verified,B,Verified PubMed
TB-G017,guideline,WHO TB Knowledge Sharing Platform: Treatment of drug-susceptible TB in special situations — chronic renal failure,2025,World Health Organization,World Health Organization,,,,WHO,https://tbksp.who.int/en/node/3025,Clinical/operational guidance,Drug-susceptible TB treatment in chronic renal failure and hemodialysis,Pyrazinamide; ethambutol; rifapentine; moxifloxacin,Drug accumulation; electrolyte disturbances; QT risk,"Adults with TB and chronic renal failure, including hemodialysis",Yes,Official WHO web guidance,A,Verified official WHO source
TB-G018,guideline,WHO TB Knowledge Sharing Platform: Tuberculosis medicine information sheets,2025,World Health Organization,World Health Organization,,,,WHO,https://tbksp.who.int/en/node/3050,Drug information annex,"Drug-specific pharmacokinetics, safety and dosing information",Ethambutol; pyrazinamide; levofloxacin; cycloserine; amikacin; streptomycin; others,Renal accumulation; nephrotoxicity; neurotoxicity; ototoxicity,People receiving TB treatment,Yes,Official WHO web guidance,A,Verified official WHO source
TB-G019,guideline,WHO TB Knowledge Sharing Platform: Treatment of drug-resistant TB using 6-month regimens,2025,World Health Organization,World Health Organization,,,,WHO,https://tbksp.who.int/en/node/3033,Clinical/operational guidance,Renal impairment considerations in 6-month DR-TB regimens,Levofloxacin; linezolid; clofazimine; delamanid,Drug accumulation and toxicity in renal impairment,"People with DR-TB, including renal impairment",Yes,Official WHO web guidance,A,Verified official WHO source
TB-G020,guideline,CDC Core Curriculum on Tuberculosis: What the Clinician Should Know — renal insufficiency and end-stage renal disease,2021,Centers for Disease Control and Prevention,CDC,,,,CDC,https://www.cdc.gov/tb/media/Core_Curriculum_TB_eBook.pdf,Clinical educational guideline,TB treatment in renal insufficiency and hemodialysis,Multiple anti-TB drugs,Drug accumulation and toxicity,Patients with renal insufficiency or ESRD requiring hemodialysis,Yes,Official CDC PDF,A,Verified official CDC source
TB-A054,article,Optimal dose suggestion based on renal function for levofloxacin in patients with tuberculosis,2025,Cho YS et al.,Journal pending enrichment,40738019.0,,,PubMed/MEDLINE,https://pubmed.ncbi.nlm.nih.gov/40738019/,Population pharmacokinetic/pharmacodynamic study,Levofloxacin dosing by renal function in TB,Levofloxacin,Potential overexposure in renal impairment,Patients with tuberculosis receiving levofloxacin,Unknown in this dataset,Reference verified; metadata enrichment pending,A,Verified PubMed
TB-A055,article,"The effect of hemodialysis on isoniazid, rifampin, pyrazinamide, and ethambutol",1999,Malone RS et al.,American Journal of Respiratory and Critical Care Medicine,10228130.0,,10.1164/ajrccm.159.5.9810034,PubMed/MEDLINE,https://pubmed.ncbi.nlm.nih.gov/10228130/,Pharmacokinetic hemodialysis study,Dialyzability of first-line anti-TB drugs,Isoniazid; rifampin; pyrazinamide; ethambutol,Subtherapeutic exposure or accumulation around dialysis,Chronic hemodialysis patients,Unknown,Reference verified; outside primary 2016–2026 window but retained as foundational PK evidence cited in later guidance,B,Verified PubMed; foundational older evidence
TB-G021,guideline,CDC Tuberculosis Clinical Care and Treatment During Pregnancy,2025,Centers for Disease Control and Prevention,CDC,,,,CDC,https://www.cdc.gov/tb/hcp/clinical-care/pregnancy.html,Clinical guidance,TB treatment during pregnancy and breastfeeding,Isoniazid; rifampin; ethambutol; pyrazinamide; second-line TB drugs,Pregnancy-specific safety; hepatotoxicity; fetal/neonatal exposure,Pregnant and breastfeeding people with TB,Yes,Official CDC web guidance,A,Verified official CDC source
TB-G022,guideline,WHO TB Knowledge Sharing Platform: 6-month BPaLM/BPaL regimens — pregnancy and breastfeeding eligibility,2025,World Health Organization,World Health Organization,,,,WHO,https://tbksp.who.int/en/node/3033,Clinical/operational guidance,Drug-resistant TB treatment in pregnancy and breastfeeding,Bedaquiline; pretomanid; linezolid; moxifloxacin; delamanid; levofloxacin; clofazimine,Insufficient pregnancy/lactation safety data for BPaLM/BPaL,Pregnant and breastfeeding people with MDR/RR-TB,Yes,Official WHO web guidance,A,Verified official WHO source
TB-G023,guideline,CDC Treatment for Latent Tuberculosis Infection,2025,Centers for Disease Control and Prevention,CDC,,,,CDC,https://www.cdc.gov/tb/hcp/treatment/latent-tuberculosis-infection.html,Clinical guidance,LTBI treatment options and pregnancy considerations,Isoniazid; rifampin; rifapentine,Hepatotoxicity; drug interactions; pregnancy considerations,People receiving latent TB infection treatment,Yes,Official CDC web guidance,A,Verified official CDC source
TB-A056,article,"Pregnancy Outcomes after Exposure to Tuberculosis Treatment in Phase 3 Clinical Trial, 2016-2020",2025,Kurbatova EV et al.,Emerging Infectious Diseases,41490808,PMC12782182,10.3201/eid3112.250492,PubMed/MEDLINE; PMC,https://pubmed.ncbi.nlm.nih.gov/41490808/,Pregnancy outcomes analysis from phase III clinical trial,Pregnancy exposure to rifapentine/moxifloxacin and standard TB regimens,Rifapentine; moxifloxacin; pyrazinamide; isoniazid; standard regimen,Fetal loss; congenital anomalies; maternal outcomes,Women who became pregnant during TBTC Study 31/ACTG A5349,Yes (PMC),PMC available,A,Verified PubMed/PMC/DOI
